repo_name,component_id,link_url,node_1_type,node_1_id,node_1_author,node_1_num_comment,node_2_type,node_2_id,node_2_author,node_2_num_commentslink_type
sosedoff/pgweb,54915,https://github.com/sosedoff/pgweb/issues/480#issuecomment-668324478,issue,480,https://github.com/gabrieljones,14,issue,222,https://github.com/zoujd-github,5,other
cruffenach/CRToast,18052,https://github.com/cruffenach/CRToast/pull/16#issuecomment-35463585,pull_request,16,https://github.com/Ashton-W,2,pull_request,21,https://github.com/cruffenach,0,other
cruffenach/CRToast,18052,https://github.com/cruffenach/CRToast/issues/10#issuecomment-35165970,issue,10,https://github.com/Ashton-W,2,issue,8,https://github.com/phillipthelen,3,other
cruffenach/CRToast,18052,https://github.com/cruffenach/CRToast/pull/16#issue-27775625,pull_request,16,https://github.com/Ashton-W,2,issue,10,https://github.com/Ashton-W,2,other
ag-grid/ag-grid,4869,https://github.com/ag-grid/ag-grid/pull/3468#issue-512443375,pull_request,3468,https://github.com/deser,2,issue,3467,https://github.com/deser,4,other
ag-grid/ag-grid,4869,https://github.com/ag-grid/ag-grid/pull/3685#issue-569971525,pull_request,3685,https://github.com/HipsterZipster,1,pull_request,3468,https://github.com/deser,2,other
MithrilJS/mithril.js,36106,https://github.com/MithrilJS/mithril.js/pull/2134#issue-316528590,pull_request,2134,https://github.com/maranomynet,1,pull_request,2133,https://github.com/maranomynet,15,other
MithrilJS/mithril.js,36106,https://github.com/MithrilJS/mithril.js/pull/2137#issuecomment-386926318,pull_request,2137,https://github.com/maranomynet,23,pull_request,2141,https://github.com/maranomynet,12,other
MithrilJS/mithril.js,36106,https://github.com/MithrilJS/mithril.js/issues/2138#issuecomment-386708665,issue,2138,https://github.com/maranomynet,6,pull_request,2139,https://github.com/maranomynet,3,other
MithrilJS/mithril.js,36106,https://github.com/MithrilJS/mithril.js/pull/2142#issue-320639751,pull_request,2142,https://github.com/maranomynet,0,pull_request,2141,https://github.com/maranomynet,12,other
rematch/rematch,52493,https://github.com/rematch/rematch/issues/51#issue-266713150,issue,51,https://github.com/ShMcK,1,pull_request,56,https://github.com/ShMcK,4,other
rematch/rematch,52493,https://github.com/rematch/rematch/issues/48#issue-266695777,issue,48,https://github.com/ShMcK,4,pull_request,56,https://github.com/ShMcK,4,other
rematch/rematch,52493,https://github.com/rematch/rematch/pull/56#issue-267434858,pull_request,56,https://github.com/ShMcK,4,issue,52,https://github.com/ShMcK,0,fixes
mlflow/mlflow,40078,https://github.com/mlflow/mlflow/issues/1487#issuecomment-573033558,issue,1487,https://github.com/hershaw,25,pull_request,2289,https://github.com/hershaw,0,other
Project-OSRM/osrm-backend,45584,https://github.com/Project-OSRM/osrm-backend/issues/556#issuecomment-11846073,issue,556,https://github.com/vanomel,4,issue,529,https://github.com/jose1711,4,other
Project-OSRM/osrm-backend,45584,https://github.com/Project-OSRM/osrm-backend/issues/532#issuecomment-13989749,issue,532,https://github.com/emiltin,6,pull_request,596,https://github.com/emiltin,8,other
Project-OSRM/osrm-backend,45584,https://github.com/Project-OSRM/osrm-backend/issues/556#issuecomment-11846073,issue,556,https://github.com/vanomel,4,issue,532,https://github.com/emiltin,6,other
TypeStrong/ts-node,63252,https://github.com/TypeStrong/ts-node/issues/184#issue-172536561,issue,184,https://github.com/xogeny,10,issue,163,https://github.com/pleerock,14,other
TypeStrong/ts-node,63252,https://github.com/TypeStrong/ts-node/issues/163#issuecomment-236356467,issue,163,https://github.com/pleerock,14,issue,137,https://github.com/wclr,21,other
chaijs/chai,17046,https://github.com/chaijs/chai/pull/1458#issue-1154090179,pull_request,1458,https://github.com/snewcomer,2,issue,1358,https://github.com/derMart,1,other
SwipeCellKit/SwipeCellKit,58774,https://github.com/SwipeCellKit/SwipeCellKit/issues/4#issue-208885555,issue,4,https://github.com/fabb,23,pull_request,188,https://github.com/kurabi,1,other
SwipeCellKit/SwipeCellKit,58774,https://github.com/SwipeCellKit/SwipeCellKit/pull/142#issuecomment-383320036,pull_request,142,https://github.com/kreeger,6,pull_request,188,https://github.com/kurabi,1,other
SwipeCellKit/SwipeCellKit,58774,https://github.com/SwipeCellKit/SwipeCellKit/pull/45#issuecomment-359907402,pull_request,45,https://github.com/gcox,15,pull_request,142,https://github.com/kreeger,6,other
apache/dubbo,11032,https://github.com/apache/dubbo/pull/300#issuecomment-332460871,pull_request,300,https://github.com/x1957,3,issue,664,https://github.com/li362692680,5,other
apache/dubbo,11032,https://github.com/apache/dubbo/issues/6533#issue-667655978,issue,6533,https://github.com/dcy421,1,issue,664,https://github.com/li362692680,5,other
apache/dubbo,11032,https://github.com/apache/dubbo/pull/694#issue-260848428,pull_request,694,https://github.com/zonghaishang,0,pull_request,300,https://github.com/x1957,3,other
summernote/summernote,58392,https://github.com/summernote/summernote/issues/240#issue-27749231,issue,240,https://github.com/loicbenoit,7,pull_request,260,https://github.com/loicbenoit,2,other
summernote/summernote,58392,https://github.com/summernote/summernote/pull/203#issuecomment-33893405,pull_request,203,https://github.com/xguox,2,issue,122,https://github.com/gcpds,4,other
summernote/summernote,58392,https://github.com/summernote/summernote/pull/204#issue-26755812,pull_request,204,https://github.com/takyam-git,0,issue,122,https://github.com/gcpds,4,other
summernote/summernote,58392,https://github.com/summernote/summernote/pull/248#issue-28092235,pull_request,248,https://github.com/takyam-git,1,issue,240,https://github.com/loicbenoit,7,other
summernote/summernote,58392,https://github.com/summernote/summernote/pull/249#issue-28095026,pull_request,249,https://github.com/taalendigitaal,3,issue,240,https://github.com/loicbenoit,7,other
Activiti/Activiti,1433,https://github.com/Activiti/Activiti/issues/2214#issuecomment-442294073,issue,2214,https://github.com/igdianov,4,pull_request,2216,https://github.com/igdianov,1,other
Activiti/Activiti,1433,https://github.com/Activiti/Activiti/pull/2216#issue-385039979,pull_request,2216,https://github.com/igdianov,1,issue,2215,https://github.com/igdianov,0,other
Activiti/Activiti,1433,https://github.com/Activiti/Activiti/issues/2198#issuecomment-441157000,issue,2198,https://github.com/igdianov,2,pull_request,2199,https://github.com/igdianov,1,other
Activiti/Activiti,1433,https://github.com/Activiti/Activiti/pull/2199#issue-383700907,pull_request,2199,https://github.com/igdianov,1,issue,2200,https://github.com/igdianov,2,other
Activiti/Activiti,1433,https://github.com/Activiti/Activiti/pull/2199#issue-383700907,pull_request,2199,https://github.com/igdianov,1,issue,2172,https://github.com/igdianov,2,other
Rapptz/discord.py,49179,https://github.com/Rapptz/discord.py/pull/2075#issue-432748710,pull_request,2075,https://github.com/diceroll123,1,pull_request,2074,https://github.com/diceroll123,0,other
Project-OSRM/osrm-backend,44062,https://github.com/Project-OSRM/osrm-backend/issues/791#issue-22523924,issue,791,https://github.com/clintharris,4,issue,802,https://github.com/clintharris,27,other
Project-OSRM/osrm-backend,44062,https://github.com/Project-OSRM/osrm-backend/issues/3839#issue-215347211,issue,3839,https://github.com/Pcosmin,3,issue,802,https://github.com/clintharris,27,other
Project-OSRM/osrm-backend,44062,https://github.com/Project-OSRM/osrm-backend/issues/802#issuecomment-28694591,issue,802,https://github.com/clintharris,27,issue,798,https://github.com/clintharris,9,other
mlflow/mlflow,39967,https://github.com/mlflow/mlflow/issues/2455#issuecomment-589289105,issue,2455,https://github.com/Tradunsky,2,issue,2201,https://github.com/Tradunsky,15,other
mlflow/mlflow,39967,https://github.com/mlflow/mlflow/issues/2201#issue-537552030,issue,2201,https://github.com/Tradunsky,15,pull_request,1769,https://github.com/Ben-Epstein,2,other
mlflow/mlflow,39967,https://github.com/mlflow/mlflow/pull/1769#issue-483460505,pull_request,1769,https://github.com/Ben-Epstein,2,issue,1750,https://github.com/Ben-Epstein,6,other
MithrilJS/mithril.js,36000,https://github.com/MithrilJS/mithril.js/issues/2392#issue-418906808,issue,2392,https://github.com/CarlLeth,1,issue,2333,https://github.com/qgustavor,0,duplicate
MithrilJS/mithril.js,36000,https://github.com/MithrilJS/mithril.js/pull/2335#issue-389212439,pull_request,2335,https://github.com/dead-claudia,3,issue,2313,https://github.com/dead-claudia,0,fixes
MithrilJS/mithril.js,36000,https://github.com/MithrilJS/mithril.js/pull/2335#issue-389212439,pull_request,2335,https://github.com/dead-claudia,3,issue,2333,https://github.com/qgustavor,0,fixes
rlidwka/sinopia,52640,https://github.com/rlidwka/sinopia/issues/356#issue-122452619,issue,356,https://github.com/ghost,5,issue,289,https://github.com/alallier,13,other
rlidwka/sinopia,52640,https://github.com/rlidwka/sinopia/issues/289#issue-97950517,issue,289,https://github.com/alallier,13,issue,124,https://github.com/gywbd,3,other
mlflow/mlflow,39974,https://github.com/mlflow/mlflow/pull/1155#discussion_r280637436,pull_request,1187,https://github.com/aarondav,1,pull_request,1155,https://github.com/smurching,2,other
mlflow/mlflow,39974,https://github.com/mlflow/mlflow/issues/1288#issue-445263712,issue,1288,https://github.com/rugeer,1,pull_request,1187,https://github.com/aarondav,1,other
mlflow/mlflow,39974,https://github.com/mlflow/mlflow/issues/1385#issue-451623696,issue,1385,https://github.com/ananthc,1,pull_request,1292,https://github.com/smurching,0,other
mlflow/mlflow,39974,https://github.com/mlflow/mlflow/pull/1371#issue-450950669,pull_request,1371,https://github.com/smurching,1,pull_request,1292,https://github.com/smurching,0,other
mlflow/mlflow,39974,https://github.com/mlflow/mlflow/issues/2444#issue-567691424,issue,2444,https://github.com/Esadruhn,7,issue,1397,https://github.com/tkocmathla,7,other
mlflow/mlflow,39974,https://github.com/mlflow/mlflow/pull/1292#issue-445870898,pull_request,1292,https://github.com/smurching,0,issue,1229,https://github.com/seeder,0,other
mlflow/mlflow,39974,https://github.com/mlflow/mlflow/pull/1155#discussion_r280637436,pull_request,1196,https://github.com/smurching,0,pull_request,1155,https://github.com/smurching,2,other
mlflow/mlflow,39974,https://github.com/mlflow/mlflow/pull/1404#issue-452651015,pull_request,1404,https://github.com/sueann,0,issue,1397,https://github.com/tkocmathla,7,other
casesandberg/react-color,16426,https://github.com/casesandberg/react-color/pull/703#issue-608820815,pull_request,703,https://github.com/pizza3,1,issue,547,https://github.com/BernardoFBBraga,2,other
mgonto/restangular,34730,https://github.com/mgonto/restangular/pull/1274#issue-118807801,pull_request,1274,https://github.com/pgom,2,pull_request,1088,https://github.com/oznu,11,other
mgonto/restangular,34730,https://github.com/mgonto/restangular/issues/749#issuecomment-182229988,issue,749,https://github.com/iancrowther,27,pull_request,1284,https://github.com/dreef3,9,other
mgonto/restangular,34730,https://github.com/mgonto/restangular/issues/1065#issue-59247362,issue,1065,https://github.com/XVincentX,5,pull_request,1284,https://github.com/dreef3,9,other
mgonto/restangular,34730,https://github.com/mgonto/restangular/issues/1303#issuecomment-226682307,issue,1303,https://github.com/steel119,9,issue,1321,https://github.com/pedromarce,6,other
mgonto/restangular,34730,https://github.com/mgonto/restangular/issues/749#issuecomment-139865773,issue,749,https://github.com/iancrowther,27,issue,1012,https://github.com/subramn,2,other
mgonto/restangular,34730,https://github.com/mgonto/restangular/issues/1303#issuecomment-243648166,issue,1303,https://github.com/steel119,9,issue,1397,https://github.com/kalpitpandit,19,other
deployphp/deployer,20267,https://github.com/deployphp/deployer/pull/2560#issue-907407350,pull_request,2560,https://github.com/staabm,1,issue,2545,https://github.com/staabm,2,fixes
deployphp/deployer,20267,https://github.com/deployphp/deployer/pull/2526#issue-868021186,pull_request,2526,https://github.com/Schrank,0,issue,2525,https://github.com/Schrank,0,fixes
casesandberg/react-color,16428,https://github.com/casesandberg/react-color/issues/636#issue-482858672,issue,636,https://github.com/yury-n,2,pull_request,670,https://github.com/casesandberg,0,other
casesandberg/react-color,16428,https://github.com/casesandberg/react-color/pull/258#issue-180790926,pull_request,258,https://github.com/louh,2,issue,216,https://github.com/louh,4,other
casesandberg/react-color,16428,https://github.com/casesandberg/react-color/issues/644#issue-494250023,issue,644,https://github.com/PCMACHero,4,pull_request,670,https://github.com/casesandberg,0,other
casesandberg/react-color,16428,https://github.com/casesandberg/react-color/issues/413#issue-254850144,issue,413,https://github.com/casesandberg,16,issue,395,https://github.com/sirjamesgray,0,other
casesandberg/react-color,16428,https://github.com/casesandberg/react-color/issues/652#issue-514450791,issue,652,https://github.com/mi6gan,1,issue,504,https://github.com/casesandberg,2,other
casesandberg/react-color,16428,https://github.com/casesandberg/react-color/pull/401#issue-254161458,pull_request,401,https://github.com/SpencerDawson,0,issue,399,https://github.com/scottkunkel,10,other
casesandberg/react-color,16428,https://github.com/casesandberg/react-color/issues/644#issuecomment-561717646,issue,644,https://github.com/PCMACHero,4,issue,656,https://github.com/mikalai-sauchanka,1,other
casesandberg/react-color,16428,https://github.com/casesandberg/react-color/issues/371#issue-239416855,issue,371,https://github.com/sergey-rogatin,1,issue,404,https://github.com/casesandberg,0,other
casesandberg/react-color,16428,https://github.com/casesandberg/react-color/issues/548#issuecomment-429383580,issue,548,https://github.com/earslap,2,issue,539,https://github.com/unkernet,1,other
casesandberg/react-color,16428,https://github.com/casesandberg/react-color/issues/540#issue-362959217,issue,540,https://github.com/StructByLightning,1,issue,216,https://github.com/louh,4,other
casesandberg/react-color,16428,https://github.com/casesandberg/react-color/issues/413#issuecomment-386885224,issue,413,https://github.com/casesandberg,16,pull_request,511,https://github.com/ekoeryanto,1,other
casesandberg/react-color,16428,https://github.com/casesandberg/react-color/issues/620#issuecomment-572171082,issue,620,https://github.com/sjwl123,5,pull_request,670,https://github.com/casesandberg,0,other
casesandberg/react-color,16428,https://github.com/casesandberg/react-color/issues/423#issuecomment-329303573,issue,423,https://github.com/doronbrikman,4,issue,413,https://github.com/casesandberg,16,other
casesandberg/react-color,16428,https://github.com/casesandberg/react-color/issues/684#issuecomment-593287246,issue,684,https://github.com/essencient,5,issue,683,https://github.com/Maadtin,1,other
casesandberg/react-color,16428,https://github.com/casesandberg/react-color/issues/686#issue-575863359,issue,686,https://github.com/SpaceWarf,1,issue,684,https://github.com/essencient,5,other
casesandberg/react-color,16428,https://github.com/casesandberg/react-color/issues/305#issuecomment-368937283,issue,305,https://github.com/gittestcoder,14,issue,413,https://github.com/casesandberg,16,other
casesandberg/react-color,16428,https://github.com/casesandberg/react-color/pull/316#issue-198733188,pull_request,316,https://github.com/alampros,2,issue,307,https://github.com/qasid,2,other
casesandberg/react-color,16428,https://github.com/casesandberg/react-color/issues/701#issuecomment-620135800,issue,701,https://github.com/Wink007,4,issue,694,https://github.com/ashot-israelyan,8,other
casesandberg/react-color,16428,https://github.com/casesandberg/react-color/issues/438#issuecomment-341635364,issue,438,https://github.com/jomnius,6,issue,413,https://github.com/casesandberg,16,other
casesandberg/react-color,16428,https://github.com/casesandberg/react-color/issues/413#issue-254850144,issue,413,https://github.com/casesandberg,16,issue,184,https://github.com/lgg,11,other
casesandberg/react-color,16428,https://github.com/casesandberg/react-color/issues/310#issuecomment-382884765,issue,310,https://github.com/stevenxxiu,6,issue,504,https://github.com/casesandberg,2,other
casesandberg/react-color,16428,https://github.com/casesandberg/react-color/issues/413#issue-254850144,issue,413,https://github.com/casesandberg,16,issue,313,https://github.com/maximzah,5,other
casesandberg/react-color,16428,https://github.com/casesandberg/react-color/issues/413#issue-254850144,issue,413,https://github.com/casesandberg,16,pull_request,316,https://github.com/alampros,2,other
casesandberg/react-color,16428,https://github.com/casesandberg/react-color/issues/620#issuecomment-611482845,issue,620,https://github.com/sjwl123,5,issue,701,https://github.com/Wink007,4,other
casesandberg/react-color,16428,https://github.com/casesandberg/react-color/issues/445#issue-278990085,issue,445,https://github.com/ant45de,2,issue,404,https://github.com/casesandberg,0,other
casesandberg/react-color,16428,https://github.com/casesandberg/react-color/issues/413#issue-254850144,issue,413,https://github.com/casesandberg,16,issue,66,https://github.com/vmasto,3,other
casesandberg/react-color,16428,https://github.com/casesandberg/react-color/issues/508#issuecomment-398012785,issue,508,https://github.com/alduro,12,issue,455,https://github.com/vudduu,4,other
casesandberg/react-color,16428,https://github.com/casesandberg/react-color/issues/413#issue-254850144,issue,413,https://github.com/casesandberg,16,issue,215,https://github.com/jackparmer,23,other
casesandberg/react-color,16428,https://github.com/casesandberg/react-color/issues/216#issue-174551488,issue,216,https://github.com/louh,4,issue,404,https://github.com/casesandberg,0,other
casesandberg/react-color,16428,https://github.com/casesandberg/react-color/issues/413#issue-254850144,issue,413,https://github.com/casesandberg,16,issue,359,https://github.com/sergop321,4,other
casesandberg/react-color,16428,https://github.com/casesandberg/react-color/issues/413#issue-254850144,issue,413,https://github.com/casesandberg,16,issue,364,https://github.com/jimmylinh,4,other
casesandberg/react-color,16428,https://github.com/casesandberg/react-color/issues/413#issue-254850144,issue,413,https://github.com/casesandberg,16,pull_request,366,https://github.com/pconerly,7,other
casesandberg/react-color,16428,https://github.com/casesandberg/react-color/issues/621#issue-452964176,issue,621,https://github.com/tanth1993,1,pull_request,670,https://github.com/casesandberg,0,other
casesandberg/react-color,16428,https://github.com/casesandberg/react-color/issues/365#issuecomment-310524468,issue,365,https://github.com/pconerly,4,pull_request,369,https://github.com/pconerly,1,other
casesandberg/react-color,16428,https://github.com/casesandberg/react-color/pull/670#issue-546997262,pull_request,670,https://github.com/casesandberg,0,pull_request,632,https://github.com/kgapich,0,other
Activiti/Activiti,430,https://github.com/Activiti/Activiti/issues/3518#issuecomment-765341128,issue,3518,https://github.com/Raluca-Plugariu,1,pull_request,3519,https://github.com/Raluca-Plugariu,2,other
mgonto/restangular,34735,https://github.com/mgonto/restangular/issues/1376#issue-156734982,issue,1376,https://github.com/turoni,2,issue,420,https://github.com/zoheb,27,duplicate
mgonto/restangular,34735,https://github.com/mgonto/restangular/issues/420#issuecomment-76689677,issue,420,https://github.com/zoheb,27,pull_request,1068,https://github.com/steinerj,10,other
mgonto/restangular,34735,https://github.com/mgonto/restangular/pull/1068#issuecomment-226704399,pull_request,1068,https://github.com/steinerj,10,pull_request,1392,https://github.com/madflow,4,other
mgonto/restangular,34735,https://github.com/mgonto/restangular/issues/720#issuecomment-44606412,issue,720,https://github.com/ZAYEC77,2,issue,420,https://github.com/zoheb,27,other
mgonto/restangular,34735,https://github.com/mgonto/restangular/issues/538#issuecomment-33058227,issue,538,https://github.com/joshikeerti,1,issue,420,https://github.com/zoheb,27,other
apache/dubbo,13361,https://github.com/apache/dubbo/pull/2279#issuecomment-413785303,pull_request,2279,https://github.com/wanwanpp,3,issue,2312,https://github.com/diecui1202,1,other
apache/dubbo,13361,https://github.com/apache/dubbo/pull/2280#issue-350267093,pull_request,2280,https://github.com/noahziheng,1,issue,1713,https://github.com/ralf0131,4,fixes
apache/dubbo,13361,https://github.com/apache/dubbo/pull/2250#issue-350252537,pull_request,2250,https://github.com/Chancelife,2,issue,1713,https://github.com/ralf0131,4,other
apache/dubbo,13361,https://github.com/apache/dubbo/pull/2285#issue-350267704,pull_request,2285,https://github.com/jrjsjtu,0,issue,1713,https://github.com/ralf0131,4,other
apache/dubbo,13361,https://github.com/apache/dubbo/pull/2293#issue-350272334,pull_request,2293,https://github.com/huchuanling,0,issue,1713,https://github.com/ralf0131,4,other
apache/dubbo,13361,https://github.com/apache/dubbo/pull/2264#issue-350259986,pull_request,2264,https://github.com/131250105,1,issue,1713,https://github.com/ralf0131,4,other
apache/dubbo,13361,https://github.com/apache/dubbo/pull/2266#issue-350260588,pull_request,2266,https://github.com/hexiloveecho,0,issue,1713,https://github.com/ralf0131,4,other
tensorpack/tensorpack,58936,https://github.com/tensorpack/tensorpack/issues/1181#issue-442235138,issue,1181,https://github.com/zxpeter,4,issue,1153,https://github.com/zhou-git,7,other
tensorpack/tensorpack,58936,https://github.com/tensorpack/tensorpack/issues/1533#issue-946197671,issue,1533,https://github.com/ck6698000,1,issue,631,https://github.com/twangnh,4,other
tensorpack/tensorpack,58936,https://github.com/tensorpack/tensorpack/issues/1181#issue-442235138,issue,1181,https://github.com/zxpeter,4,issue,325,https://github.com/kdplus,13,other
tensorpack/tensorpack,58936,https://github.com/tensorpack/tensorpack/issues/209#issuecomment-289578113,issue,209,https://github.com/JesseYang,3,issue,191,https://github.com/JesseYang,11,other
tensorpack/tensorpack,58936,https://github.com/tensorpack/tensorpack/issues/916#issue-366716726,issue,916,https://github.com/jwook1004,11,issue,191,https://github.com/JesseYang,11,other
tensorpack/tensorpack,58936,https://github.com/tensorpack/tensorpack/issues/1153#issue-434152051,issue,1153,https://github.com/zhou-git,7,issue,1142,https://github.com/zhou-git,4,other
MithrilJS/mithril.js,36152,https://github.com/MithrilJS/mithril.js/pull/2032#issuecomment-348003943,pull_request,2032,https://github.com/pygy,10,pull_request,2034,https://github.com/pygy,12,other
MithrilJS/mithril.js,36152,https://github.com/MithrilJS/mithril.js/pull/2034#issue-277903308,pull_request,2034,https://github.com/pygy,12,issue,2036,https://github.com/pygy,1,other
Activiti/Activiti,185,https://github.com/Activiti/Activiti/pull/3788#issue-1084980977,pull_request,3788,https://github.com/erdemedeiros,0,issue,3787,https://github.com/erdemedeiros,0,other
Activiti/Activiti,185,https://github.com/Activiti/Activiti/pull/3799#issue-1101410215,pull_request,3799,https://github.com/erdemedeiros,0,issue,3787,https://github.com/erdemedeiros,0,other
grpc/grpc-web,23869,https://github.com/grpc/grpc-web/issues/769#issuecomment-606953600,issue,769,https://github.com/reselbob,3,issue,347,https://github.com/dv29,6,other
mlflow/mlflow,38589,https://github.com/mlflow/mlflow/pull/3465#issuecomment-711984538,pull_request,3465,https://github.com/abawchen,9,pull_request,3544,https://github.com/harupy,3,other
mlflow/mlflow,38589,https://github.com/mlflow/mlflow/issues/2770#issuecomment-623761982,issue,2770,https://github.com/persas,8,pull_request,2186,https://github.com/harupy,2,other
mlflow/mlflow,38589,https://github.com/mlflow/mlflow/pull/2908#issue-633133325,pull_request,2908,https://github.com/smurching,5,pull_request,2700,https://github.com/aarondav,3,other
mlflow/mlflow,38589,https://github.com/mlflow/mlflow/pull/2367#issue-557778195,pull_request,2367,https://github.com/lorenzwalthert,13,pull_request,3085,https://github.com/lorenzwalthert,3,other
mlflow/mlflow,38589,https://github.com/mlflow/mlflow/issues/1423#issuecomment-704188862,issue,1423,https://github.com/djacobs7,9,issue,3418,https://github.com/mdneuzerling,10,other
mlflow/mlflow,38589,https://github.com/mlflow/mlflow/pull/3858#issue-769223373,pull_request,3858,https://github.com/yitao-li,1,issue,3817,https://github.com/yitao-li,0,fixes
mlflow/mlflow,38589,https://github.com/mlflow/mlflow/pull/2908#issue-633133325,pull_request,2908,https://github.com/smurching,5,pull_request,2724,https://github.com/aarondav,4,other
mlflow/mlflow,38589,https://github.com/mlflow/mlflow/issues/3494#issuecomment-716606070,issue,3494,https://github.com/yitao-li,7,pull_request,3501,https://github.com/yitao-li,6,other
mlflow/mlflow,38589,https://github.com/mlflow/mlflow/pull/3549#issue-724695312,pull_request,3549,https://github.com/yitao-li,3,pull_request,3501,https://github.com/yitao-li,6,other
mlflow/mlflow,38589,https://github.com/mlflow/mlflow/issues/4529#issuecomment-881221637,issue,4529,https://github.com/FrieseWoudloper,3,issue,3817,https://github.com/yitao-li,0,other
mlflow/mlflow,38589,https://github.com/mlflow/mlflow/pull/3513#discussion_r504456278,pull_request,3542,https://github.com/harupy,1,pull_request,3513,https://github.com/harupy,1,other
mlflow/mlflow,38589,https://github.com/mlflow/mlflow/pull/2878#issuecomment-834656537,pull_request,2878,https://github.com/persas,16,pull_request,4312,https://github.com/afparsons,6,other
mlflow/mlflow,38589,https://github.com/mlflow/mlflow/pull/3465#issue-710096031,pull_request,3465,https://github.com/abawchen,9,issue,1598,https://github.com/ahmed-shariff,5,fixes
mlflow/mlflow,38589,https://github.com/mlflow/mlflow/issues/3392#issue-694152349,issue,3392,https://github.com/smurching,8,pull_request,3513,https://github.com/harupy,1,other
mlflow/mlflow,38589,https://github.com/mlflow/mlflow/pull/2142#issuecomment-558614107,pull_request,2142,https://github.com/harupy,1,pull_request,2124,https://github.com/harupy,2,other
mlflow/mlflow,38589,https://github.com/mlflow/mlflow/issues/2770#issuecomment-642700188,issue,2770,https://github.com/persas,8,pull_request,2878,https://github.com/persas,16,other
mlflow/mlflow,38589,https://github.com/mlflow/mlflow/pull/3542#issuecomment-711609096,pull_request,3542,https://github.com/harupy,1,pull_request,3544,https://github.com/harupy,3,other
mlflow/mlflow,38589,https://github.com/mlflow/mlflow/issues/1423#issuecomment-691249533,issue,1423,https://github.com/djacobs7,9,pull_request,3416,https://github.com/yitao-li,6,other
mlflow/mlflow,38589,https://github.com/mlflow/mlflow/issues/3418#issuecomment-782174684,issue,3418,https://github.com/mdneuzerling,10,issue,3817,https://github.com/yitao-li,0,other
mlflow/mlflow,38589,,pull_request,2136,https://github.com/harupy,3,pull_request,2170,https://github.com/harupy,1,other
mlflow/mlflow,38589,https://github.com/mlflow/mlflow/pull/2367#issuecomment-650538695,pull_request,2367,https://github.com/lorenzwalthert,13,pull_request,2908,https://github.com/smurching,5,other
mlflow/mlflow,38589,https://github.com/mlflow/mlflow/pull/3549#issuecomment-712980000,pull_request,3549,https://github.com/yitao-li,3,pull_request,3544,https://github.com/harupy,3,other
mlflow/mlflow,38589,https://github.com/mlflow/mlflow/issues/3047#issuecomment-653690308,issue,3047,https://github.com/yitao-li,3,pull_request,3048,https://github.com/lorenzwalthert,7,other
mlflow/mlflow,38589,https://github.com/mlflow/mlflow/pull/3048#issuecomment-653739487,pull_request,3048,https://github.com/lorenzwalthert,7,pull_request,3050,https://github.com/harupy,0,other
mlflow/mlflow,38589,https://github.com/mlflow/mlflow/pull/3055#issue-651531267,pull_request,3055,https://github.com/yitao-li,1,pull_request,3048,https://github.com/lorenzwalthert,7,other
mlflow/mlflow,38589,https://github.com/mlflow/mlflow/pull/3568#issue-726392125,pull_request,3568,https://github.com/harupy,1,pull_request,3544,https://github.com/harupy,3,other
casesandberg/react-color,16446,https://github.com/casesandberg/react-color/pull/671#issue-548475210,pull_request,671,https://github.com/casesandberg,0,issue,648,https://github.com/JCron245,1,other
ptomasroos/react-native-scrollable-tab-view,46143,,issue,366,https://github.com/peterhn,12,issue,321,https://github.com/xQuotes,3,other
ptomasroos/react-native-scrollable-tab-view,46143,https://github.com/ptomasroos/react-native-scrollable-tab-view/issues/609#issuecomment-294454394,issue,609,https://github.com/xsbailong,1,issue,187,https://github.com/sercanov,49,duplicate
ptomasroos/react-native-scrollable-tab-view,46143,https://github.com/ptomasroos/react-native-scrollable-tab-view/issues/628#issuecomment-300143612,issue,628,https://github.com/davidfloegel,3,issue,385,https://github.com/bondanherumurti,11,other
ptomasroos/react-native-scrollable-tab-view,46143,https://github.com/ptomasroos/react-native-scrollable-tab-view/issues/521#issuecomment-276936892,issue,521,https://github.com/tinylpc,11,pull_request,534,https://github.com/gmlion,6,other
ptomasroos/react-native-scrollable-tab-view,46143,https://github.com/ptomasroos/react-native-scrollable-tab-view/issues/813#issuecomment-362481232,issue,813,https://github.com/Thanmai-C,6,pull_request,667,https://github.com/tibbus,22,other
ptomasroos/react-native-scrollable-tab-view,46143,https://github.com/ptomasroos/react-native-scrollable-tab-view/pull/534#issuecomment-276012213,pull_request,534,https://github.com/gmlion,6,issue,366,https://github.com/peterhn,12,other
ptomasroos/react-native-scrollable-tab-view,46143,https://github.com/ptomasroos/react-native-scrollable-tab-view/issues/211#issuecomment-201015685,issue,211,https://github.com/donghanji,4,issue,187,https://github.com/sercanov,49,other
ptomasroos/react-native-scrollable-tab-view,46143,https://github.com/ptomasroos/react-native-scrollable-tab-view/pull/667#issue-236738017,pull_request,667,https://github.com/tibbus,22,issue,628,https://github.com/davidfloegel,3,other
ptomasroos/react-native-scrollable-tab-view,46143,https://github.com/ptomasroos/react-native-scrollable-tab-view/issues/187#issuecomment-438943568,issue,187,https://github.com/sercanov,49,pull_request,949,https://github.com/ptomasroos,23,other
ptomasroos/react-native-scrollable-tab-view,46143,https://github.com/ptomasroos/react-native-scrollable-tab-view/issues/321#issuecomment-253158931,issue,321,https://github.com/xQuotes,3,issue,215,https://github.com/zjhsd2007,14,other
ptomasroos/react-native-scrollable-tab-view,46143,https://github.com/ptomasroos/react-native-scrollable-tab-view/issues/185#issuecomment-194690479,issue,185,https://github.com/tofrookie,6,issue,187,https://github.com/sercanov,49,other
ptomasroos/react-native-scrollable-tab-view,46143,https://github.com/ptomasroos/react-native-scrollable-tab-view/issues/638#issuecomment-309295086,issue,638,https://github.com/ashrithks,9,pull_request,667,https://github.com/tibbus,22,other
ptomasroos/react-native-scrollable-tab-view,46143,,pull_request,381,https://github.com/crozzfire,6,pull_request,445,https://github.com/walidvb,3,other
chaijs/chai,17472,https://github.com/chaijs/chai/issues/188#issue-17306734,issue,188,https://github.com/finian,1,issue,200,https://github.com/danb235,12,other
chaijs/chai,17472,https://github.com/chaijs/chai/issues/200#issue-20713201,issue,200,https://github.com/danb235,12,issue,81,https://github.com/ghost,15,other
chaijs/chai,17472,https://github.com/chaijs/chai/issues/722#issue-159470248,issue,722,https://github.com/machineghost,3,issue,81,https://github.com/ghost,15,other
Activiti/Activiti,1985,https://github.com/Activiti/Activiti/issues/1481#issue-262759775,issue,1481,https://github.com/erdemedeiros,0,pull_request,1477,https://github.com/igdianov,1,other
Activiti/Activiti,1985,https://github.com/Activiti/Activiti/pull/1500#issue-265466220,pull_request,1500,https://github.com/daisuke-yoshimoto,2,issue,1482,https://github.com/erdemedeiros,0,other
chaijs/chai,17731,https://github.com/chaijs/chai/pull/213#issuecomment-29271887,pull_request,213,https://github.com/romario333,5,pull_request,211,https://github.com/nzakas,8,other
chaijs/chai,17731,https://github.com/chaijs/chai/pull/212#issuecomment-29271449,pull_request,212,https://github.com/romario333,5,pull_request,213,https://github.com/romario333,5,other
chaijs/chai,17731,https://github.com/chaijs/chai/pull/213#issuecomment-29271887,pull_request,213,https://github.com/romario333,5,pull_request,214,https://github.com/romario333,10,other
chaijs/chai,17731,https://github.com/chaijs/chai/pull/251#issue-29625885,pull_request,251,https://github.com/romario333,1,pull_request,214,https://github.com/romario333,10,other
apache/dubbo,11717,https://github.com/apache/dubbo/issues/4793#issuecomment-527766846,issue,4793,https://github.com/supercocoa,6,pull_request,4802,https://github.com/tswstarplanet,2,other
apache/dubbo,11717,https://github.com/apache/dubbo/pull/5509#issue-540124601,pull_request,5509,https://github.com/mercyblitz,2,issue,5336,https://github.com/supercocoa,5,other
apache/dubbo,11717,https://github.com/apache/dubbo/issues/5336#issuecomment-554628064,issue,5336,https://github.com/supercocoa,5,issue,5207,https://github.com/jimgreat,2,other
mlflow/mlflow,37705,https://github.com/mlflow/mlflow/issues/2628#issue-586980553,issue,2628,https://github.com/maximeturenne,2,pull_request,5458,https://github.com/mrkaye97,22,other
mlflow/mlflow,37705,https://github.com/mlflow/mlflow/pull/5350#issue-1125236856,pull_request,5350,https://github.com/mrkaye97,8,pull_request,5458,https://github.com/mrkaye97,22,other
mlflow/mlflow,37705,https://github.com/mlflow/mlflow/pull/493#issuecomment-422241809,pull_request,493,https://github.com/joshuacook,1,issue,269,https://github.com/andremesarovic,1,other
mlflow/mlflow,37705,https://github.com/mlflow/mlflow/issues/269#issue-348804741,issue,269,https://github.com/andremesarovic,1,pull_request,5458,https://github.com/mrkaye97,22,other
mlflow/mlflow,37705,https://github.com/mlflow/mlflow/issues/5208#issue-1090735322,issue,5208,https://github.com/mrkaye97,6,issue,5199,https://github.com/mrkaye97,2,other
mlflow/mlflow,37705,https://github.com/mlflow/mlflow/pull/5778#issue-1215607191,pull_request,5778,https://github.com/harupy,0,pull_request,5458,https://github.com/mrkaye97,22,other
mlflow/mlflow,37705,https://github.com/mlflow/mlflow/pull/5458#issuecomment-1089843203,pull_request,5458,https://github.com/mrkaye97,22,pull_request,5593,https://github.com/BenWilson2,0,other
mlflow/mlflow,37705,https://github.com/mlflow/mlflow/issues/5208#issuecomment-1030858836,issue,5208,https://github.com/mrkaye97,6,pull_request,5350,https://github.com/mrkaye97,8,other
mlflow/mlflow,37705,https://github.com/mlflow/mlflow/pull/493#issue-360401087,pull_request,493,https://github.com/joshuacook,1,issue,155,https://github.com/wmeints,8,other
MithrilJS/mithril.js,37322,https://github.com/MithrilJS/mithril.js/issues/104#issuecomment-44561549,issue,104,https://github.com/panesofglass,11,issue,98,https://github.com/pistolero,23,other
Project-OSRM/osrm-backend,44240,https://github.com/Project-OSRM/osrm-backend/pull/3320#issue-189569057,pull_request,3320,https://github.com/danpat,0,issue,2981,https://github.com/daniel-j-h,0,fixes
Project-OSRM/osrm-backend,44240,https://github.com/Project-OSRM/osrm-backend/pull/2400#issue-154556274,pull_request,2400,https://github.com/lbud,10,issue,2066,https://github.com/danpat,1,other
Project-OSRM/osrm-backend,44240,https://github.com/Project-OSRM/osrm-backend/issues/2981#issue-180519096,issue,2981,https://github.com/daniel-j-h,0,pull_request,2400,https://github.com/lbud,10,other
summernote/summernote,55505,https://github.com/summernote/summernote/pull/4152#issue-1007940941,pull_request,4152,https://github.com/DiemenDesign,4,issue,4122,https://github.com/rostacik,11,other
summernote/summernote,55505,https://github.com/summernote/summernote/pull/4294#issuecomment-1127665749,pull_request,4294,https://github.com/sjw-pc,13,issue,4177,https://github.com/smoldaner,13,other
summernote/summernote,55505,https://github.com/summernote/summernote/issues/3537#issuecomment-1005577512,issue,3537,https://github.com/es5es5,21,issue,4200,https://github.com/hakanerdal,4,other
summernote/summernote,55505,https://github.com/summernote/summernote/issues/4296#issuecomment-1134032512,issue,4296,https://github.com/yzhou88,3,issue,4177,https://github.com/smoldaner,13,other
summernote/summernote,55505,https://github.com/summernote/summernote/pull/4308#issuecomment-1153406950,pull_request,4308,https://github.com/sjw-pc,2,pull_request,4299,https://github.com/easylogic,1,other
summernote/summernote,55505,https://github.com/summernote/summernote/issues/4205#issue-1094215774,issue,4205,https://github.com/mathieu-dumoutier,1,issue,4200,https://github.com/hakanerdal,4,other
summernote/summernote,55505,https://github.com/summernote/summernote/pull/4206#issue-1094924943,pull_request,4206,https://github.com/DiemenDesign,1,pull_request,4152,https://github.com/DiemenDesign,4,other
summernote/summernote,55505,https://github.com/summernote/summernote/issues/3537#issuecomment-570778077,issue,3537,https://github.com/es5es5,21,pull_request,3545,https://github.com/lqez,1,other
summernote/summernote,55505,https://github.com/summernote/summernote/issues/4282#issue-1218610018,issue,4282,https://github.com/dmx-patrick,0,issue,4122,https://github.com/rostacik,11,other
summernote/summernote,55505,https://github.com/summernote/summernote/issues/4287#issuecomment-1119397238,issue,4287,https://github.com/davefv,3,issue,4200,https://github.com/hakanerdal,4,other
ag-grid/ag-grid,4821,https://github.com/ag-grid/ag-grid/issues/3734#issue-585657250,issue,3734,https://github.com/stephtea,9,issue,3680,https://github.com/simkessy,53,other
Rapptz/discord.py,49494,https://github.com/Rapptz/discord.py/issues/1658#issuecomment-428724370,issue,1658,https://github.com/Phxntxm,3,pull_request,1659,https://github.com/Phxntxm,3,other
John-Lluch/SWRevealViewController,25818,https://github.com/John-Lluch/SWRevealViewController/issues/551#issuecomment-185090684,issue,551,https://github.com/gabhisekdev,47,issue,524,https://github.com/Pocito,4,other
MithrilJS/mithril.js,36060,https://github.com/MithrilJS/mithril.js/pull/2234#issuecomment-426801412,pull_request,2234,https://github.com/ArjunVS1999,2,pull_request,2237,https://github.com/ArjunVS1999,0,other
MithrilJS/mithril.js,36060,https://github.com/MithrilJS/mithril.js/pull/2234#issuecomment-426801412,pull_request,2234,https://github.com/ArjunVS1999,2,pull_request,2235,https://github.com/ArjunVS1999,0,other
MithrilJS/mithril.js,36060,https://github.com/MithrilJS/mithril.js/pull/2234#issuecomment-426801412,pull_request,2234,https://github.com/ArjunVS1999,2,pull_request,2236,https://github.com/ArjunVS1999,0,other
kubernetes-sigs/kustomize,30049,https://github.com/kubernetes-sigs/kustomize/pull/2768#issue-665370325,pull_request,2768,https://github.com/kzwang,5,issue,2208,https://github.com/Shplorf,8,fixes
kubernetes-sigs/kustomize,30049,https://github.com/kubernetes-sigs/kustomize/pull/2762#issue-664911241,pull_request,2762,https://github.com/kzwang,5,issue,2761,https://github.com/kzwang,0,fixes
kubernetes-sigs/kustomize,30049,https://github.com/kubernetes-sigs/kustomize/issues/3276#issue-750426304,issue,3276,https://github.com/james-callahan,11,pull_request,2768,https://github.com/kzwang,5,other
kubernetes-sigs/kustomize,30049,https://github.com/kubernetes-sigs/kustomize/pull/2769#issuecomment-663788945,pull_request,2769,https://github.com/kzwang,7,pull_request,2768,https://github.com/kzwang,5,other
MithrilJS/mithril.js,36194,https://github.com/MithrilJS/mithril.js/issues/1952#issuecomment-326185731,issue,1952,https://github.com/oldrich-s,2,issue,1427,https://github.com/darsain,12,duplicate
TypeStrong/ts-node,62946,https://github.com/TypeStrong/ts-node/pull/554#issue-306177897,pull_request,554,https://github.com/blakeembrey,1,issue,46,https://github.com/amcdnl,82,other
TypeStrong/ts-node,62946,,issue,46,https://github.com/amcdnl,82,issue,188,https://github.com/k8w,24,other
TypeStrong/ts-node,62946,https://github.com/TypeStrong/ts-node/issues/46#issuecomment-233808923,issue,46,https://github.com/amcdnl,82,pull_request,148,https://github.com/blakeembrey,1,other
TypeStrong/ts-node,62946,https://github.com/TypeStrong/ts-node/issues/221#issuecomment-253351569,issue,221,https://github.com/hivaga,3,issue,46,https://github.com/amcdnl,82,other
TypeStrong/ts-node,62946,https://github.com/TypeStrong/ts-node/issues/671#issue-352665801,issue,671,https://github.com/kirill-kostenetskyi,1,issue,46,https://github.com/amcdnl,82,other
mlflow/mlflow,40802,https://github.com/mlflow/mlflow/issues/288#issuecomment-412378967,issue,288,https://github.com/fclesio,4,pull_request,230,https://github.com/dbczumar,2,other
mlflow/mlflow,40802,https://github.com/mlflow/mlflow/issues/194#issuecomment-410048849,issue,194,https://github.com/0wu,4,pull_request,225,https://github.com/0wu,7,other
mlflow/mlflow,40802,https://github.com/mlflow/mlflow/issues/100#issuecomment-401209343,issue,100,https://github.com/aarondav,11,issue,99,https://github.com/aarondav,3,other
mlflow/mlflow,40802,https://github.com/mlflow/mlflow/pull/82#issuecomment-401883581,pull_request,82,https://github.com/smurching,10,issue,100,https://github.com/aarondav,11,other
mlflow/mlflow,40802,,pull_request,82,https://github.com/smurching,10,pull_request,96,https://github.com/aarondav,2,other
mlflow/mlflow,40802,,pull_request,153,https://github.com/juntai-zheng,3,pull_request,164,https://github.com/smurching,2,other
mlflow/mlflow,40802,https://github.com/mlflow/mlflow/pull/1163#issue-436445779,pull_request,1163,https://github.com/smurching,0,pull_request,1037,https://github.com/derron,2,other
mlflow/mlflow,40802,https://github.com/mlflow/mlflow/pull/218#discussion_r208319441,pull_request,300,https://github.com/smurching,2,pull_request,218,https://github.com/smurching,5,other
mlflow/mlflow,40802,https://github.com/mlflow/mlflow/issues/147#issuecomment-405791560,issue,147,https://github.com/arinto,12,pull_request,164,https://github.com/smurching,2,other
mlflow/mlflow,40802,https://github.com/mlflow/mlflow/pull/225#issuecomment-411947162,pull_request,225,https://github.com/0wu,7,pull_request,218,https://github.com/smurching,5,other
jhen0409/react-native-debugger,25443,https://github.com/jhen0409/react-native-debugger/pull/202#issue-296712920,pull_request,202,https://github.com/jhen0409,0,issue,201,https://github.com/idrakimuhamad,3,fixes
jhen0409/react-native-debugger,25443,https://github.com/jhen0409/react-native-debugger/issues/201#issuecomment-365242323,issue,201,https://github.com/idrakimuhamad,3,pull_request,198,https://github.com/hawkup,1,other
jhen0409/react-native-debugger,25443,https://github.com/jhen0409/react-native-debugger/pull/198#issue-295084699,pull_request,198,https://github.com/hawkup,1,issue,194,https://github.com/macrozone,3,fixes
apache/dubbo,8679,https://github.com/apache/dubbo/pull/10016#issue-1229139267,pull_request,10016,https://github.com/chickenlj,0,issue,10012,https://github.com/saleson,3,other
apache/dubbo,8679,https://github.com/apache/dubbo/pull/10017#issue-1229183633,pull_request,10017,https://github.com/chickenlj,2,issue,10012,https://github.com/saleson,3,other
apache/dubbo,8679,https://github.com/apache/dubbo/pull/9831#issue-1177739175,pull_request,9831,https://github.com/hanl754,2,issue,9829,https://github.com/hanl754,2,other
apache/dubbo,8679,https://github.com/apache/dubbo/pull/10047#issue-1238054645,pull_request,10047,https://github.com/wangchengming666,1,issue,10044,https://github.com/saleson,1,fixes
apache/dubbo,8679,https://github.com/apache/dubbo/pull/10010#issue-1228554168,pull_request,10010,https://github.com/chickenlj,0,issue,9829,https://github.com/hanl754,2,other
casesandberg/react-color,16491,https://github.com/casesandberg/react-color/pull/599#issue-424559449,pull_request,599,https://github.com/J-Son89,5,issue,584,https://github.com/J-Son89,2,other
metafizzy/flickity,34155,https://github.com/metafizzy/flickity/issues/741#issuecomment-380553388,issue,741,https://github.com/joshas,1,issue,729,https://github.com/hirasso,5,other
metafizzy/flickity,34155,https://github.com/metafizzy/flickity/issues/534#issuecomment-382506150,issue,534,https://github.com/illycz,45,issue,564,https://github.com/tobz-nz,12,other
iron/iron,24942,https://github.com/iron/iron/pull/109#issue-38613892,pull_request,109,https://github.com/reem,7,issue,105,https://github.com/reem,0,fixes
iron/iron,24942,https://github.com/iron/iron/pull/112#issue-38697974,pull_request,112,https://github.com/reem,2,issue,106,https://github.com/reem,0,fixes
iron/iron,24942,https://github.com/iron/iron/pull/109#issuecomment-50076139,pull_request,109,https://github.com/reem,7,pull_request,108,https://github.com/reem,2,other
iron/iron,24942,,pull_request,109,https://github.com/reem,7,pull_request,112,https://github.com/reem,2,other
iron/iron,24942,https://github.com/iron/iron/issues/94#issue-37612160,issue,94,https://github.com/reem,0,issue,93,https://github.com/msierks,4,other
iron/iron,24942,https://github.com/iron/iron/pull/109#issue-38613892,pull_request,109,https://github.com/reem,7,issue,94,https://github.com/reem,0,fixes
duo-labs/cloudmapper,22130,https://github.com/duo-labs/cloudmapper/issues/161#issuecomment-423401368,issue,161,https://github.com/ms4720,11,pull_request,203,https://github.com/0xdabbad00,0,other
duo-labs/cloudmapper,22130,https://github.com/duo-labs/cloudmapper/issues/161#issuecomment-412531515,issue,161,https://github.com/ms4720,11,issue,164,https://github.com/0xdabbad00,3,other
duo-labs/cloudmapper,22130,https://github.com/duo-labs/cloudmapper/issues/166#issuecomment-423401539,issue,166,https://github.com/tommy-bee,10,pull_request,203,https://github.com/0xdabbad00,0,other
duo-labs/cloudmapper,22130,https://github.com/duo-labs/cloudmapper/issues/166#issuecomment-413076507,issue,166,https://github.com/tommy-bee,10,pull_request,167,https://github.com/0xdabbad00,0,other
duo-labs/cloudmapper,22130,https://github.com/duo-labs/cloudmapper/issues/205#issuecomment-500276450,issue,205,https://github.com/sq-brootz,10,pull_request,432,https://github.com/0xdabbad00,0,other
duo-labs/cloudmapper,22130,https://github.com/duo-labs/cloudmapper/issues/412#issuecomment-500276321,issue,412,https://github.com/j-maciak,10,pull_request,432,https://github.com/0xdabbad00,0,other
duo-labs/cloudmapper,22130,https://github.com/duo-labs/cloudmapper/pull/755#issue-681635485,pull_request,755,https://github.com/soffensive,1,issue,340,https://github.com/rams3sh,1,other
duo-labs/cloudmapper,22130,https://github.com/duo-labs/cloudmapper/issues/540#issuecomment-534224094,issue,540,https://github.com/samyongsj,7,issue,340,https://github.com/rams3sh,1,other
metafizzy/flickity,34418,https://github.com/metafizzy/flickity/issues/64#issuecomment-76015196,issue,64,https://github.com/gergelypap,3,issue,6,https://github.com/desandro,0,duplicate
metafizzy/flickity,34418,https://github.com/metafizzy/flickity/issues/109#issuecomment-230758770,issue,109,https://github.com/drastick,12,issue,388,https://github.com/mojde-pajang,10,other
metafizzy/flickity,34418,https://github.com/metafizzy/flickity/issues/18#issue-55759472,issue,18,https://github.com/notflip,1,issue,6,https://github.com/desandro,0,duplicate
metafizzy/flickity,34418,https://github.com/metafizzy/flickity/issues/19#issuecomment-71849608,issue,19,https://github.com/joepagan,2,issue,6,https://github.com/desandro,0,duplicate
metafizzy/flickity,34418,https://github.com/metafizzy/flickity/issues/31#issuecomment-72907757,issue,31,https://github.com/flogehring,3,issue,6,https://github.com/desandro,0,other
MithrilJS/mithril.js,36212,https://github.com/MithrilJS/mithril.js/issues/1760#issuecomment-290375164,issue,1760,https://github.com/ChrisGitIt,2,pull_request,1753,https://github.com/StephanHoyer,1,other
MithrilJS/mithril.js,36212,https://github.com/MithrilJS/mithril.js/issues/1768#issuecomment-291050054,issue,1768,https://github.com/tkazec,2,pull_request,1753,https://github.com/StephanHoyer,1,other
MithrilJS/mithril.js,36212,https://github.com/MithrilJS/mithril.js/issues/1752#issue-217510771,issue,1752,https://github.com/StephanHoyer,1,pull_request,1753,https://github.com/StephanHoyer,1,other
MithrilJS/mithril.js,36212,https://github.com/MithrilJS/mithril.js/pull/1909#issue-244238999,pull_request,1909,https://github.com/tivac,6,pull_request,1905,https://github.com/tivac,6,other
MithrilJS/mithril.js,36212,https://github.com/MithrilJS/mithril.js/pull/1909#issuecomment-317160798,pull_request,1909,https://github.com/tivac,6,pull_request,1912,https://github.com/tivac,0,other
MithrilJS/mithril.js,36212,https://github.com/MithrilJS/mithril.js/issues/1755#issue-217715014,issue,1755,https://github.com/tivac,4,issue,1784,https://github.com/tivac,3,other
cglib/cglib,16885,https://github.com/cglib/cglib/pull/204#issue-1181331108,pull_request,204,https://github.com/natechadwick,0,issue,162,https://github.com/xunliu,0,other
cglib/cglib,16885,https://github.com/cglib/cglib/pull/204#issue-1181331108,pull_request,204,https://github.com/natechadwick,0,issue,180,https://github.com/MrPeabodyY,0,other
ag-grid/ag-grid,4854,https://github.com/ag-grid/ag-grid/issues/3160#issuecomment-592293858,issue,3160,https://github.com/areisle,24,pull_request,3701,https://github.com/csit-intern-james,13,other
duo-labs/cloudmapper,22393,https://github.com/duo-labs/cloudmapper/pull/343#issuecomment-483834335,pull_request,343,https://github.com/syucream,7,pull_request,352,https://github.com/0xdabbad00,1,other
duo-labs/cloudmapper,22393,https://github.com/duo-labs/cloudmapper/issues/291#issuecomment-464410011,issue,291,https://github.com/0xdabbad00,2,issue,36,https://github.com/vichusharma,8,other
duo-labs/cloudmapper,22393,https://github.com/duo-labs/cloudmapper/issues/36#issue-299336524,issue,36,https://github.com/vichusharma,8,pull_request,343,https://github.com/syucream,7,other
duo-labs/cloudmapper,22393,https://github.com/duo-labs/cloudmapper/issues/36#issuecomment-367788273,issue,36,https://github.com/vichusharma,8,issue,5,https://github.com/0xdabbad00,1,other
duo-labs/cloudmapper,22393,https://github.com/duo-labs/cloudmapper/issues/6#issue-297939099,issue,6,https://github.com/0xdabbad00,4,issue,368,https://github.com/0xdabbad00,1,other
duo-labs/cloudmapper,22393,https://github.com/duo-labs/cloudmapper/issues/355#issue-434017638,issue,355,https://github.com/0xdabbad00,1,pull_request,361,https://github.com/0xdabbad00,0,other
duo-labs/cloudmapper,22393,https://github.com/duo-labs/cloudmapper/issues/73#issuecomment-373037107,issue,73,https://github.com/naveen2603,4,issue,71,https://github.com/lucas-apd,4,other
duo-labs/cloudmapper,22393,https://github.com/duo-labs/cloudmapper/issues/75#issuecomment-375747483,issue,75,https://github.com/dmartsynkevych,5,issue,36,https://github.com/vichusharma,8,other
duo-labs/cloudmapper,22393,https://github.com/duo-labs/cloudmapper/issues/83#issuecomment-385793899,issue,83,https://github.com/Viss,3,issue,79,https://github.com/kirkbrady,2,other
duo-labs/cloudmapper,22393,https://github.com/duo-labs/cloudmapper/issues/84#issuecomment-386719021,issue,84,https://github.com/hb3b,2,issue,83,https://github.com/Viss,3,other
duo-labs/cloudmapper,22393,https://github.com/duo-labs/cloudmapper/issues/59#issue-301033805,issue,59,https://github.com/lorenzoaiello,1,issue,36,https://github.com/vichusharma,8,duplicate
duo-labs/cloudmapper,22393,https://github.com/duo-labs/cloudmapper/pull/316#issue-418400974,pull_request,316,https://github.com/Azulinho,3,pull_request,352,https://github.com/0xdabbad00,1,other
jupyterhub/jupyterhub,26745,https://github.com/jupyterhub/jupyterhub/issues/3780#issuecomment-1054701907,issue,3780,https://github.com/bviviano,17,pull_request,3808,https://github.com/manics,2,other
jupyterhub/jupyterhub,26745,https://github.com/jupyterhub/jupyterhub/pull/3757#issue-1096311379,pull_request,3757,https://github.com/minrk,2,pull_request,3746,https://github.com/manics,0,other
jupyterhub/jupyterhub,26745,https://github.com/jupyterhub/jupyterhub/issues/3729#issue-1084690585,issue,3729,https://github.com/amoshche,3,pull_request,3715,https://github.com/naatebarber,1,other
jupyterhub/jupyterhub,26745,https://github.com/jupyterhub/jupyterhub/pull/3813#issue-1158564863,pull_request,3813,https://github.com/rzo1,3,pull_request,3808,https://github.com/manics,2,other
jupyterhub/jupyterhub,26745,https://github.com/jupyterhub/jupyterhub/pull/1540#issue-274511385,pull_request,1540,https://github.com/minrk,3,issue,1477,https://github.com/psyvision,15,other
jupyterhub/jupyterhub,26745,https://github.com/jupyterhub/jupyterhub/issues/3758#issuecomment-1008537606,issue,3758,https://github.com/manics,4,pull_request,3757,https://github.com/minrk,2,other
jupyterhub/jupyterhub,26745,https://github.com/jupyterhub/jupyterhub/pull/3759#issue-1097612035,pull_request,3759,https://github.com/minrk,1,issue,3737,https://github.com/ykazakov,20,other
jupyterhub/jupyterhub,26745,https://github.com/jupyterhub/jupyterhub/issues/1363#issue-252748817,issue,1363,https://github.com/krak3nnn,12,pull_request,3701,https://github.com/minrk,4,other
jupyterhub/jupyterhub,26745,https://github.com/jupyterhub/jupyterhub/pull/3701#issue-1069354094,pull_request,3701,https://github.com/minrk,4,pull_request,3027,https://github.com/scivm,9,fixes
jupyterhub/jupyterhub,26745,https://github.com/jupyterhub/jupyterhub/pull/3701#issuecomment-1003421641,pull_request,3701,https://github.com/minrk,4,issue,3737,https://github.com/ykazakov,20,other
jupyterhub/jupyterhub,26745,https://github.com/jupyterhub/jupyterhub/pull/3715#issue-1079214589,pull_request,3715,https://github.com/naatebarber,1,issue,3711,https://github.com/ykazakov,2,fixes
Activiti/Activiti,123,https://github.com/Activiti/Activiti/pull/3873#issue-1168446326,pull_request,3873,https://github.com/erdemedeiros,0,issue,3825,https://github.com/erdemedeiros,0,other
Activiti/Activiti,123,https://github.com/Activiti/Activiti/pull/3826#issue-1138406679,pull_request,3826,https://github.com/erdemedeiros,0,issue,3825,https://github.com/erdemedeiros,0,other
Activiti/Activiti,123,https://github.com/Activiti/Activiti/pull/3828#issue-1139889903,pull_request,3828,https://github.com/erdemedeiros,0,issue,3825,https://github.com/erdemedeiros,0,other
Activiti/Activiti,383,https://github.com/Activiti/Activiti/pull/3572#issue-816619804,pull_request,3572,https://github.com/Giovanni007,1,issue,3571,https://github.com/Giovanni007,0,other
summernote/summernote,56191,https://github.com/summernote/summernote/pull/2377#issue-243249037,pull_request,2377,https://github.com/hackerwins,1,pull_request,2048,https://github.com/lection,3,other
summernote/summernote,56191,https://github.com/summernote/summernote/issues/387#issuecomment-43582240,issue,387,https://github.com/Ephemera,3,issue,331,https://github.com/jpaxsontn,2,duplicate
summernote/summernote,56191,https://github.com/summernote/summernote/issues/645#issue-44860993,issue,645,https://github.com/yamila-fraiman,2,issue,96,https://github.com/hatpick,4,other
summernote/summernote,56191,https://github.com/summernote/summernote/pull/904#issue-57320813,pull_request,904,https://github.com/hackerwins,2,issue,903,https://github.com/Pyohwan,2,other
summernote/summernote,56191,https://github.com/summernote/summernote/issues/3466#issuecomment-582249955,issue,3466,https://github.com/skeets23,6,issue,62,https://github.com/andr2,3,other
summernote/summernote,56191,https://github.com/summernote/summernote/issues/907#issue-57577006,issue,907,https://github.com/david-whitehead-uni,2,issue,933,https://github.com/felixgomez,2,other
summernote/summernote,56191,https://github.com/summernote/summernote/pull/2834#issue-325997624,pull_request,2834,https://github.com/manish2bharti,1,issue,1385,https://github.com/periscuelo,2,other
summernote/summernote,56191,https://github.com/summernote/summernote/pull/2835#issue-326032445,pull_request,2835,https://github.com/manish2bharti,10,issue,1385,https://github.com/periscuelo,2,other
summernote/summernote,56191,https://github.com/summernote/summernote/issues/1301#issue-104048883,issue,1301,https://github.com/Oviglo,10,pull_request,1948,https://github.com/xavier-d,13,other
summernote/summernote,56191,https://github.com/summernote/summernote/pull/2373#issue-240412262,pull_request,2373,https://github.com/dittos,1,issue,1819,https://github.com/zhoulijoe,7,other
summernote/summernote,56191,https://github.com/summernote/summernote/issues/2229#issuecomment-469321115,issue,2229,https://github.com/RajamohanShilpa,3,issue,2076,https://github.com/bankamohit,1,other
summernote/summernote,56191,https://github.com/summernote/summernote/pull/2377#issue-243249037,pull_request,2377,https://github.com/hackerwins,1,issue,2075,https://github.com/HumaMilisic,3,other
summernote/summernote,56191,https://github.com/summernote/summernote/pull/1948#issuecomment-266263494,pull_request,1948,https://github.com/xavier-d,13,pull_request,2101,https://github.com/reinaldocoelho,11,other
summernote/summernote,56191,https://github.com/summernote/summernote/issues/926#issuecomment-75989761,issue,926,https://github.com/eesdil,4,issue,903,https://github.com/Pyohwan,2,other
summernote/summernote,56191,https://github.com/summernote/summernote/pull/1258#issue-98210847,pull_request,1258,https://github.com/hackerwins,0,issue,928,https://github.com/winter38,1,other
summernote/summernote,56191,https://github.com/summernote/summernote/issues/1193#issuecomment-125055426,issue,1193,https://github.com/SudShekhar,7,issue,1185,https://github.com/bbyrdhouse,4,other
summernote/summernote,56191,https://github.com/summernote/summernote/pull/1311#issuecomment-313634217,pull_request,1311,https://github.com/Oviglo,14,pull_request,2366,https://github.com/reinaldocoelho,8,other
summernote/summernote,56191,https://github.com/summernote/summernote/pull/2373#issue-240412262,pull_request,2373,https://github.com/dittos,1,issue,2342,https://github.com/Hideiki,0,fixes
summernote/summernote,56191,https://github.com/summernote/summernote/issues/935#issuecomment-107118727,issue,935,https://github.com/imranazad,2,issue,93,https://github.com/rakucmr,13,other
summernote/summernote,56191,https://github.com/summernote/summernote/pull/904#issue-57320813,pull_request,904,https://github.com/hackerwins,2,pull_request,805,https://github.com/Gorash,0,fixes
summernote/summernote,56191,https://github.com/summernote/summernote/issues/2615#issue-284159466,issue,2615,https://github.com/marcinpiekarski,4,issue,1185,https://github.com/bbyrdhouse,4,other
summernote/summernote,56191,https://github.com/summernote/summernote/issues/437#issue-35760405,issue,437,https://github.com/Sebartus,1,issue,96,https://github.com/hatpick,4,other
summernote/summernote,56191,https://github.com/summernote/summernote/issues/60#issue-20193471,issue,60,https://github.com/ShimShamSam,1,issue,93,https://github.com/rakucmr,13,other
summernote/summernote,56191,https://github.com/summernote/summernote/issues/447#issuecomment-70035585,issue,447,https://github.com/loicbenoit,11,issue,96,https://github.com/hatpick,4,other
summernote/summernote,56191,https://github.com/summernote/summernote/issues/1217#issue-95227750,issue,1217,https://github.com/jocenunes,2,issue,1248,https://github.com/iohannis,4,other
summernote/summernote,56191,https://github.com/summernote/summernote/pull/1258#issue-98210847,pull_request,1258,https://github.com/hackerwins,0,issue,963,https://github.com/grusingh,2,other
summernote/summernote,56191,https://github.com/summernote/summernote/pull/2377#issue-243249037,pull_request,2377,https://github.com/hackerwins,1,pull_request,2373,https://github.com/dittos,1,other
summernote/summernote,56191,https://github.com/summernote/summernote/pull/2373#issue-240412262,pull_request,2373,https://github.com/dittos,1,issue,2253,https://github.com/Luncher,2,other
summernote/summernote,56191,https://github.com/summernote/summernote/issues/111#issue-23783668,issue,111,https://github.com/matcheson,1,issue,80,https://github.com/vedraan,3,other
summernote/summernote,56191,https://github.com/summernote/summernote/issues/1875#issuecomment-346860069,issue,1875,https://github.com/colinhall17,3,issue,2391,https://github.com/Rah1x,2,other
summernote/summernote,56191,https://github.com/summernote/summernote/issues/1501#issue-121982986,issue,1501,https://github.com/hurkgu,1,issue,2391,https://github.com/Rah1x,2,other
summernote/summernote,56191,https://github.com/summernote/summernote/issues/1498#issuecomment-164138669,issue,1498,https://github.com/caub,5,pull_request,1311,https://github.com/Oviglo,14,other
summernote/summernote,56191,https://github.com/summernote/summernote/issues/93#issue-22415592,issue,93,https://github.com/rakucmr,13,pull_request,2366,https://github.com/reinaldocoelho,8,other
summernote/summernote,56191,https://github.com/summernote/summernote/issues/111#issue-23783668,issue,111,https://github.com/matcheson,1,issue,96,https://github.com/hatpick,4,other
summernote/summernote,56191,https://github.com/summernote/summernote/pull/2373#issue-240412262,pull_request,2373,https://github.com/dittos,1,issue,2276,https://github.com/alec-netsphere,3,other
summernote/summernote,56191,https://github.com/summernote/summernote/issues/3305#issuecomment-542092950,issue,3305,https://github.com/dominic-berta,1,pull_request,3432,https://github.com/DiemenDesign,0,other
summernote/summernote,56191,https://github.com/summernote/summernote/issues/1385#issue-111895245,issue,1385,https://github.com/periscuelo,2,issue,2391,https://github.com/Rah1x,2,other
summernote/summernote,56191,https://github.com/summernote/summernote/pull/2666#issuecomment-361045255,pull_request,2666,https://github.com/DiemenDesign,24,pull_request,2048,https://github.com/lection,3,other
summernote/summernote,56191,https://github.com/summernote/summernote/issues/2229#issue-209081404,issue,2229,https://github.com/RajamohanShilpa,3,pull_request,1258,https://github.com/hackerwins,0,other
summernote/summernote,56191,https://github.com/summernote/summernote/pull/1258#issue-98210847,pull_request,1258,https://github.com/hackerwins,0,issue,1257,https://github.com/pjacquemin,6,other
summernote/summernote,56191,https://github.com/summernote/summernote/pull/904#issue-57320813,pull_request,904,https://github.com/hackerwins,2,issue,880,https://github.com/hvvjoy,7,other
summernote/summernote,56191,https://github.com/summernote/summernote/pull/3060#issue-385791187,pull_request,3060,https://github.com/hendrismit,1,issue,1819,https://github.com/zhoulijoe,7,other
summernote/summernote,56191,https://github.com/summernote/summernote/issues/3448#issuecomment-544464686,issue,3448,https://github.com/theworlt,4,pull_request,3432,https://github.com/DiemenDesign,0,other
